{
  "num_samples": 24065,
  "seq_min_len": 30,
  "seq_max_len": 41,
  "seq_mean_len": 36.06661126116767,
  "mask_fraction": 0.9955952763557434,
  "target_min": -3.2266054153442383,
  "target_max": 7.368631839752197,
  "target_mean": -6.368708893589314e-10,
  "target_std": 0.9999976754188538
}